review,rating,recommended,sentiment,review_length,sentiment_score,purchase_label
"Look at this product as a portable speaker first and an Echo replacement second. The big reason to buy this over standard Bluetooth speakers is this has WiFi streaming enabled. When you are at home you can stream music with ease to it. Voice recognition is top notch and it really shines when using it with other smart home accessories. The only problem is having to tap the microphone button for it to listen to your voice. If you want bigger sound and always listening features, spend the extra money on the Amazon Echo.",5.0,True,positive,94,1,1
"This Amazon tap is not only a great Bluetooth speaker, which is half of the reason I bought it for. But it also has some awesome voice control. I bought a wemo switch, plugged it into an old lamp, setup some commands with ittt, and in 5 minutes I was using my Amazon tap to control a lamp. Pretty cool. I love this Amazon tap it is light, portable, smart, has a great dock so I don't have to fuss with cables, and it has a 9 hour battery life, so I can go all day playing music.Being a Google play music subscriber The only thing missing from this speaker IMO, is a way to wirelessly stream my Google play music to this device using Alexa that is built in. You can use iHeartRadio, Pandora, Spotify, prime music, heck even Apple iTunes got some love, but no Google play music. Come on Amazon show me some love. I pay 15 dollars a month for a family plan which gives me and 5 family members access to Google play music and YouTube red. So it would be nice to use it on my tap. But alas the Amazon tap is a Bluetooth speaker so I can always use my phone as a streaming device, or hook my phone up through the aux port as well. But all in all this is a great speaker, that can do everything any Bluetooth speaker on the market can do plus a little bit extra.",5.0,True,positive,250,1,1
"Bought this on Deal of the Day which surprised me since it is new to Best Buy. Just push the button and ask ""her"" to do something such as play favorite radio station or music from play list. Have ""her"" set timers and alarms to wake by. I haven't used half of the features of TAP. The sound is amazingly great for such a small device.",5.0,True,positive,66,1,1
Amazing Sound! All around great product! Nothing negative so far.,5.0,True,positive,10,1,1
I have owned the Echo for about a year now and enjoy the features it provides. Although the Tap doesn't have the hands free feature of the Echo I like its portability. I'm able to take it outdoors at home and using the WiFi play music or even use the other features available by just asking Alexa. The unit is well built and I really like the charging cradle provided.,5.0,True,positive,70,1,1
"I really like my Tap very much. It great when it's connected. Reads me news, weather, plays music and can purchase items from Amazon That being said, I do have some connectivity problems while on wifi. I don't want to say that it's the taps fault as it may be my wifi. I don't regret my purchase. It has great sounds and recognizes my voice commands well.",4.0,True,positive,67,1,1
"I have owned three versions of the amazon echo: the original, the dot, and the tap. This is the most versatile of the three. The wireless recharging is great. The sound is not as good as the original, but the portability makes up for this. At $79 it was a fantastic buy.",5.0,True,positive,52,1,1
I use this speaker daily and love the sound quality and its ability to be independant of my phone/tablet unlike normal Bluetooth speakers that require your phone to play music even if they have the same sound quality.,5.0,True,positive,38,1,1
"I got it on a pretty good sale... so I feel it was worth it. The sound is good, I like that it's portable and rechargeable. I think it is best if you have a prime account so you have access to the prime music.",5.0,True,positive,45,1,1
"I have a regular echo and now the tap. Both awesome products, use them to control lights, locks, and play music. Would buy again.",5.0,True,positive,24,1,1
great sound easily portable around the house both inside and outside. the option to have it automatically respond without pushing the button was a surprise but a welcome one!,5.0,True,positive,29,1,1
"I wanted to buy a Tap when it was first released. I have several Echo's in the house, but having a portable Alexa enabled device is awesome. Unfortunately, when it was first released, the tap could not be operated hands-free. I held off purchasing one because I was afraid Amazon would wait for new hardware to add that feature.Earlier this year Amazon enabled hands-free mode, and it works almost as well as the Echo, despite having fewer microphones.Sound quality is very good. It's a small speaker but very capable. Battery life is excellent. This is currently the most flexible implementation of Alexa and I recommend it.",5.0,True,positive,106,1,1
Was a little difficult to sync the first time. I really have only used the Tap to play music and to ask for the weather. I like that the device takes up little space in my kitchen.,4.0,True,positive,37,1,1
I have a few top end Bluetooth speakers and this Amazon tap rates right up with them in sound and built quality plus it has alexa built in,5.0,True,positive,28,1,1
We now have one for everyone in the family and no longer share. I would have no problem recommending this to a friend.,5.0,True,positive,23,1,1
Great product for intro to an AI device. Cant wait to upgrade to echo.,5.0,True,positive,14,1,1
"The more I use this, the more reasons I enjoy it. The staff were great and helped me set it up.",4.0,True,positive,21,1,1
got as a gift. Might not have got for my self- but love it and glad I had a birthday - lol,4.0,True,positive,22,1,1
"I bought 1 of everything. Like this one the best. VERY good sound, grab it off the base and take it to another room or outside and enjoy the music.",5.0,True,positive,30,1,1
"Was excited to get this product for its sheer portability alone (doesn't need to be plugged into an electrical outlet all the time like we have to do with our Echo Dot), but was pleasantly surprised with the sound quality and volume! We prefer this over our outdoor bluetooth speaker, and its ""Hands-Free"" mode is a great updated feature (though we try not to keep it on that setting too long because it does drain the battery faster)...",5.0,True,positive,78,1,1
"I have the Amazon dot, which is great. But after purchasing the tap, which was on sale too, I was sold. You can take it any where. And the sound is great!!!",5.0,True,positive,32,1,1
"I will rate this Amazon Tap a five stars when the application to make the Alexa commands become remote, instead of manually pressing the command button on the unit itself.",4.0,True,positive,30,1,1
Already have a few other Alexas. Wanted on to be portable around the house without having to plug in or connect to another speaker. Works as expected.,5.0,True,positive,27,1,1
Enjoying the product and feel the ease of use is good.,5.0,True,positive,11,1,1
Just really thought it would have been more useful without having to have to make additional purchases for music I like.,2.0,False,negative,21,-1,0
Looking for a radio for the kitchen this works great the more you use it the smarter it gets,5.0,True,positive,19,1,1
"I love this product , so nice to have for trips!!!",5.0,True,positive,11,1,1
"Picked this up to have a portable option for playing music in the garage. Love that it's battery powered. Never had an issue of it running out of juice. The only issue I have is with the mics, it doesn't respond to your voice as well as the Echo or Dot. Then again it wasn't really designed to listen for the Alexa command since it originally required you to ""tap"" the speaker to get it to listen.",4.0,True,positive,77,1,1
Pleased with all the features. Amazon did another fantastic job with bringing great sound inna small package.,5.0,True,positive,17,1,1
If you want to listen to music you will have to sign for Amazon unlimited or Prime which is very expensive. Pandora does not work too well with this device as it does with Google Home.,4.0,True,positive,36,1,1
Great concept but speaker not so good at full volume. And maybe better now with the updates,4.0,True,positive,17,1,1
This item was very easy to use from the very beginning and was very responsive to my request and commands. I like the fact that you can also add other items to work with it,5.0,True,positive,35,1,1
This is one of the coolest new inventions around. It is very innovative and works great. It's really neat asking Alexa to play different songs and telling it you are bored.,5.0,True,positive,31,1,1
The Amazon Tap is a great addition to my Smarthome system. We particularly like that we can move it from room to room without AC attached & the battery lasts a long time. We even take it outside to listen to music from Amazon Prime and Spotify. We recommend it highly.,5.0,True,positive,51,1,1
"Best sounding Amazon speaker hands down. The only annoyance is that it beeps after the ""Alexa"" wake word and after the command, unlike the other echos I have with no obvious way to turn this off. Other than that, sounds great and can take with you pretty well anywhere....",5.0,True,positive,49,1,1
I habe the echo and I bought this one fort my son's room but it's not as user friendly. I wish I would've just bought the other one.,2.0,False,negative,28,-1,0
Great value and quality speaker that also connects to the information highway.,5.0,True,positive,12,1,1
I bought this as a gift for my father. He absolutely loves it!!,5.0,True,positive,13,1,1
I ordered this and actually came in earlier than predicted and it works beautiful! I'm totally happy with my purchase!!!,5.0,True,positive,20,1,1
"This little speaker has quickly become a family favorite for portability and music streaming. My kids have quickly learned that Alexa is their personal DJ when hooked up to the Amazon Prime Unlimited Music program. Battery life is great and sound quality is adequate for our purposes. Some audiophiles might not like the lack of bass, but it does the job for our family.",5.0,True,positive,64,1,1
"I wouldn't buy it again...the software doesn't seem as well integrated with the hardware on this machine. I also have an Echo and I don't have the same connectivity issues with it that I do with this. I liked the features available with this...portability mainly with a long battery life, but with plagued by connectivity issues I can't say I would recommend it. I have looked at reviews online since purchasing and have discovered I am not the only one that feels this way. The sound, when it is connected and responding, is amazing.",3.0,False,neutral,94,0,0
We bought this Amazon Tap Bluetooth and wifi wireless speaker for my brother. He loves it! He can play his fave tunes by the pool and it really holds a charge for hours of wireless listening.,5.0,True,positive,36,1,1
"The echo is great for music, weather, and anything else you have integrated in the house.",5.0,True,positive,16,1,1
Good product works amazing . Works awesome from home .,5.0,True,positive,10,1,1
"I couldn't decide on which one to buy. They all do the same things, but ended up buying the tap which is portable. I take it on my deck with a cup of coffee and listen to the music I put in through pandora and iheart radio. I absolutely love it, and so does my husband.",5.0,True,positive,56,1,1
"i got one for my mom she's 90 years young and she sits and listens to it all day, she;s got the amazon tap i got my draugther the dot and i got my self another tap. i just found out you can put the tap on hands free and you dont have to tap the button this made it even better. my grand kids love playing ganes with alexa. like i said every household need one",5.0,True,positive,77,1,1
"The latest software update included hands free mode. So this can do everything that the stationary Echo speaker does, but is fully portable. Personally, I don't want the device to record everything I say all the time, so I only use the tap mode. The sound quality is good for a speaker of this size. This is especially a great choice if you have a mobile hotspot with unlimited data. You can now bring Alexa on the go.",5.0,True,positive,78,1,1
"I was impressed with the sound of the original Echo, the price of the Dot. The Echo Tap is the best of both and Portable. I have echos in multiple rooms. I got this to bring music outside to the patio. The music has rich bass and clear sound perfect for tunes or talk. Now that SiriusXM is on Alexa too I have access to great music, Howard stern, NFL, MLB and all the rest of the satellite radio content. The great thing about the tap is unlike a normal Bluetooth speaker this one works solo with Alexa and wifi. Even my wife loves it I think she talks to Alexa now more than she talks to me.",5.0,True,positive,118,1,1
Still in the learning process--looking forward to more benefits!,4.0,True,positive,9,1,1
I like buying things that work as advertised. This does.Although it does not respond as well to my wife's commands. Hmmm...,5.0,True,positive,21,1,1
"This is a fun and convenient toy, but I'm surprised about some of the limitations. I keep hearing the same NPR news clip when I ask for news or headline news. I would like more news highlights. When I ask for 80s music, Echo starts with the same 1 of 3 songs each time.",4.0,True,positive,54,1,1
"I read reviews for all the Amazon echo products, and decided the portability and the full size of the Tap made it the right product for me. It lives up to my expectations. It does last all day, playing music, answering questions, (although my accent must give it some problems as I get a few ""I didn't understand that"" comments from Alexa), and setting timers/alarms and lists. I picked the Tap because it has the ability to be moved room to room or even to the patio, and can be recharged overnight.",5.0,True,positive,92,1,1
This is so easy to operate and fun too! I love it!!,5.0,True,positive,12,1,1
"Thoughts of being able to have the Echo ""grow"" as I added to the list of tasks, excited me. Including the latest app, having it to recognize my smartphone's contact list to place and to receive calls. However, the Echo I purchased does not link up to my Samsung smartphone. Disappointed is a understatement.",4.0,False,positive,54,1,0
Love the fact that it has a rechargeable battery and can be moved with no issues for listening in other rooms. Has a decent amount of Bass for the size.,5.0,True,positive,30,1,1
Awesome speaker easy to set up. Easy to play. Great by the pool,5.0,True,positive,13,1,1
"Same features as Echo now, but easier to move around the house as needed w/you.",5.0,True,positive,15,1,1
"Always loved the Amazon Echo. Now we can rake it with us, outside, wherever!",5.0,True,positive,14,1,1
"Smaller then what i expecting, alexa sounds loud and clear. Music sounds great, just make sure you enable alexa hands free so you dont have to hit the button",5.0,True,positive,29,1,1
Reasonably priced and worth every penny! I love it.,5.0,True,positive,9,1,1
I shopped for a long time until I found this and I am very pleased.,5.0,True,positive,15,1,1
It exceeded my expectations and recommend this product to friends,5.0,True,positive,10,1,1
The family really enjoys the Amazon Tap. This is an awesome investment. We talk to Alexa everyday.,4.0,True,positive,17,1,1
Love having someone to take notes for me and play music on demand.,4.0,True,positive,13,1,1
Chose this over a regular Bluetooth speaker and am so glad I did. Alexa really helps me be hands free and get things done. The sound quality is great. I've used it in the bathroom and no issues with steam.,5.0,True,positive,40,1,1
Looked at the Echo before we bought this and I would have been a fool to buy it when you have to add a battery to make it portable. This has everything we need and then some.,5.0,True,positive,37,1,1
It's amazing! I love how loud it plays the music!!,5.0,True,positive,10,1,1
This product works great with my amazon account and best part is it does not listen too all my conversations. While it is an option I prefer to hit the button for it to recognize a voice command. That way its not listening till I tell it to unlike Google's device and the other amazon devices.,5.0,True,positive,56,1,1
"Love the Dot, Hate the Tap Portable! This device will not hold a charge for even one day. The dots are amazing though.",2.0,False,negative,23,-1,0
"I just love this tap!! It is so much fun. The music is so great. I play the relation music every night,every night. Best thing ever!",5.0,True,positive,26,1,1
Love the speaker and the assistance of Alexa. Was trying to choose between this and a regular Bluetooth speaker and this was a better choice for my needs.,5.0,True,positive,28,1,1
Great speaker and the sound is great. Use it every day. Love being able to use Alexa when attached to my network.,5.0,True,positive,22,1,1
"The Amazon Tap is a perfect complement to our Amazon Echo. Put this in our office space...has all the advantages of the Echo and is also a great Bluetooth speaker. Having to ""tap"" the mic button to summon Alexa is no issue at all! Sound quality is as good as any Bluetooth speaker on the market and it's extremely portable.",5.0,True,positive,60,1,1
Alexa works great and does lots of things for you. Fun for the family.,5.0,True,positive,14,1,1
"I'm glad that I bought this product, it's easy to understand, my grandkids loves it.",5.0,True,positive,15,1,1
"Besides the missing app functionality (check compatibility before purchasing), it does exactly what I want it to.",4.0,True,positive,17,1,1
Mostly just use it for the speaker. Still waiting on the no touch feature they are adding.,4.0,True,positive,17,1,1
"A friend gave me a Dot, which I enjoyed. I decided to explore the other devices. I was torn between the Echo and the Tap. After reading a CNET review, I chose the Tap because it is portable. My two frustrations are you cannot change the wake up word ""Alexis"", and you have to be exact in your language when requesting a service. If you are Amazon prime or Audible book member, it is a great addition to you household.",4.0,True,positive,80,1,1
"Guys, the Tap does everything Echo does and it's portable! Use it at home for everything, at work on your desk for music, weather, etc, and even poolside as a portable speaker.",5.0,True,positive,32,1,1
Great sound. Love it. It's value is well worth it.,4.0,True,positive,10,1,1
This is the best of both worlds. A reasonably priced BT speaker and an Amazon Alexa enabled device. I would highly recommend to anyone looking for a BT speaker and considering an Alexa enabled device.,5.0,True,positive,35,1,1
"I use this hours a day. Whether it is for listening to spotify or turning on a wemo-device, the battery life, sound quality, and voice recognition is great.",5.0,True,positive,28,1,1
Very happy with the Tap. We have the Echo and would have to unplug it and plug it in to use it on the deck. With the Tap we just take it off the charging stand and go. No more bothering with Bluetooth speakers and using our phone when we can just play music ever from the Internet with TAP.,4.0,True,positive,60,1,1
It has a good sound. The battery last long and it connects easily to WiFi and blue tooth. But you have to touch a button before you speak to it.,5.0,True,positive,30,1,1
"This is a great on-the-go speaker. I like the fact that it sits on a charging cradle instead of having to plug in. Also, bonus: Alex. I like the update they have done to it as well where you don't have to push the button to activate her, you can just say her name. If you are looking for an echo with a decent speaker without paying too much, choose this one. Spend more,m and you can get the regular echo which has a better booming sound, but you can't travel with it.",5.0,True,positive,93,1,1
we're early in the stages of home smartness but this is a good start,4.0,True,positive,14,1,1
I like the product itself but its app is very slow esp. outside the U.S. when you are on the go.,4.0,False,positive,21,1,0
Before I bought this I had a blue tooth speaker and an iPod touch. Both of which had to be charged and turned on etc. now I just tell Alexa to play music.,5.0,True,positive,33,1,1
"Love it, works better than anticipated. Also at a good price",5.0,True,positive,11,1,1
"We already had an Alexa but this one is a great addition. It's portable, rechargeable and good sound.",5.0,True,positive,18,1,1
Its very nice and not as big as the echo. Didn't know there was a Tap available to buy.,4.0,True,positive,19,1,1
Has a very good Bluetooth speakers sound quality is good but otherwise she's pretty useless when it comes to get answering questions,1.0,False,negative,22,-1,0
This is the one to get after Amazon's update to have the device always on. It also has the best speaker of the three.,5.0,True,positive,24,1,1
"This product is ok, wasn't too impressed with the commercial was defiantly more interesting",3.0,True,neutral,14,0,1
Cute speaker. a bit expensive but the amazon streaming capabilities make it worth it,5.0,True,positive,14,1,1
"This is a great product. I also have a Dot but the ability take this anywhere is a huge bonus, the hands free mode works just like the Dot, and the sound is great. I use the Tap all the time; working on projects, making shopping lists, playing games, to turning on the lights. I looked at the Echo but even with a battery pack it didn't seem very mobile.",5.0,True,positive,70,1,1
I have an Alexa but wanted a speaker for traveling. You can use this without a plug in cord.,4.0,True,positive,19,1,1
"A nice complement to the Alexa family. The sound quality is nearly as good as the original Echo, and the voice activation addition makes it an even better by, particularly for the price.",5.0,True,positive,33,1,1
The echo is easy to use and fun to use once you buy one you'll want them for all over your house.,4.0,True,positive,22,1,1
This item is exactly what I was looking for. It is a perfect size for home or travel. It is very loud for its size.,5.0,True,positive,25,1,1
Makes for a great alarm and reminder device. I own 2 dots and the tap. Use them all.,5.0,True,positive,18,1,1
Great Bluetooth speaker with the added benefit of Alexa,4.0,True,positive,9,1,1
Love being able to use Alexa unplugged. Amazing device!,5.0,True,positive,9,1,1
Does as advertise. Good for bedroom and you can plug in external speakers.,4.0,True,positive,13,1,1
It helps the kids with questions it plays any music you like .,5.0,True,positive,13,1,1
Great sound quality from such a small item. Easy to hide so it's not noticeable.,5.0,True,positive,15,1,1
For the price this Amazon is amazing. Just like the echo but smaller. I show everyone how great it is.,5.0,True,positive,20,1,1
It is a quality product and has clear crisp sound. Best part it can be carried in any satchel. Sound is loud enough for a back yard gathering.,5.0,True,positive,28,1,1
Definitely enjoy using this at home. I was surprised at how intuitive it is and was able to answer any question in seconds. I mostly use it to play music through Amazon player. I know there's tons more it can do and can't wait to take advantage of all its capabilities.,5.0,True,positive,51,1,1
I first boughy alezxa from amazon and found the voice recognition and search algorithms lacking,5.0,True,positive,15,1,1
I love this speaker it works wonderfully. Very recommend,5.0,True,positive,9,1,1
Works just like echo but portable!! Great stuff. As described!,5.0,True,positive,10,1,1
Amazon tap is one of my best buys this year so far...The only thing that could make the tap better is an upgrade so you don't have to tap every command....That would make it a 5star device....,4.0,True,positive,37,1,1
I love this product. Great sound quality and at a good price,4.0,True,positive,12,1,1
"I have the Amazon Tap (which I purchased at Best Buy about a month ago) and love it so much I bought one for my son and his family. They love it, too!",5.0,True,positive,33,1,1
"I wanted a speaker to listen to Pandora and go so much more! Being able to speak to Alexa and get news, weather, timer, light controls and so much more! Love the product!",5.0,True,positive,33,1,1
I the awesome I use it at work at lot its loud enough to enjoy any where,5.0,True,positive,17,1,1
Love Alexa. We currently have three devices that we use on a daily basis. I use one at work basically for streaming music. Great device. No problems connecting to any of them.,5.0,True,positive,32,1,1
"Smart, timely, very effective around the house. I have a Dot as well but the Tap has MUCH better sound. I had a Google Earth and replaced it with the TAP because Google was not as smart as Tappy!",5.0,True,positive,39,1,1
"It's very easy to connect devices, and it produces a good sound. I'm very pleased with this purchase.",5.0,True,positive,18,1,1
"I already own the Amazon Echo, so for smart speaker, it is one of the most handy devices out there. There is so many things you will find that you can do with it and the list keeps growing. Since the software update that allows you to use ""Always On"" voice commands like its big brother, it has become my go to device.Pros:- Wireless Bluetooth Smart Speaker - I take it to work and use it in the car, even when I travel for work- Sync's up with my popular music aps (Spotify, Pandora, etc)- Alexa is very responsive and can answer your questions quickly- The best Alarm Clock- I sync up with audio books and will use it on long car rides or business trips- Speaker is able to get loud- Control smart devices like lighting and my ecobee - Option to turn Off/On voice commands, can use tap button instead- Very long range for voice commandsCons:- Only single band Wi-Fi 2.4Ghz- Battery life when using ""Always On"" voice commands is short- Speaker quality is sub par for music compared to other Bluetooth speakersOverall the usefulness of this device is near perfect for my needs, with only minimal cons. I use this device pretty much every day and is small enough to make for an excellent travel companion.Tip for BESTBUY: You should carry cases for this device as I had to get my protector elsewhere",4.0,True,positive,236,1,1
"I like its flexibility, portability and it is the best value option of all three Alexas",5.0,True,positive,16,1,1
Thank You. Great Product for all ages. Thank You!!,5.0,True,positive,9,1,1
We got this for my son for xmas. He loves it. He uses it daily.,5.0,True,positive,15,1,1
"..exactly what I wanted, but the battery drains FAST when on hands free mode.",4.0,True,positive,14,1,1
This Amazon tap is awesome! Take Alexa outside! The sound quality is amazing and the price is right!,5.0,True,positive,18,1,1
My wife uses the Tap mostly to listen to music. She loves the fact that she can take it into aNY room of the house. No more having to turn up the sound to hear I'm different parts of the house.,5.0,True,positive,41,1,1
"This little speaker is way better that her mother. after that update making it hand free, i recommend to anyone.",5.0,True,positive,20,1,1
It is a great addition to my home office. My Alexa is upstairs.,5.0,True,positive,13,1,1
"Echo sounds better for music, but Tap gives me portability. Good to have both. Now Tap is voice activated, so it's all good.",4.0,True,positive,23,1,1
Even as a speaker alone this item is worth the price!,5.0,True,positive,11,1,1
"Alexa {speaking from the Amazon Tap) is great to have around ! Current news, personal planning details as well as details that might have been forgotten are all available from Alexa..... The Tap sits next to my bed on the nite stand where I can easily call up ijnfo from my bed or as I walk by during the day or nite. Especially useful for a review of my calendar so I can review my upcoming days plans. Try Alexa in a store and my guess is you will want her at your house!",4.0,True,positive,94,1,1
"Bought the Echo Tap, Echo Dot, Phillips Hue Starter Kit and a Honeywell Thermostat for my wife for her birthday.She loves it and so do I!Cant wait to add more automated products to it. No need to have my phone out fumbling through multiple apps to change lighting and temperature, check weather, play music, etc., I just ask Alexa to do it while I continue at what I'm doing.Also, when the Dot and Tap are in the same room, the one that is closest to you typically answers your requests. Nice device that will only improve with time.",5.0,True,positive,98,1,1
I'm amazed the sound quality out of this little speaker unit set up is easy and I recommend it,5.0,True,positive,19,1,1
you can ask alexa almost anything kids love it Plays all my music,4.0,True,positive,13,1,1
We love that it is portable and can move from room to room effortlessly.,5.0,True,positive,14,1,1
"Great item, good service from Best Buy. It is uncanny that new and unique products are introduced often.",5.0,True,positive,18,1,1
I bought this as a Christmas gift and it sounds amazing. And of course the integration is wonderful too.,5.0,True,positive,19,1,1
Great device I use it on a regular basis. good investment,3.0,True,neutral,11,0,1
I haven't figured it out yet. So far it seems ok but I haven't used all of its potential yet.,4.0,True,positive,20,1,1
"Overall sound is not as good as Echo, my primary source for Amazon content. However, the Tap is great for medium volume music and radio stations and as an alarm clock. It's portability sets it apart, however, it's nice to be able to take it from room to room and to the garage and patio without disconnecting. Recent software update now allows listening mode. It does require a brief pause after saying Alexa wake word, but it does work. This drains the battery more quickly but you can keep it in the charger base or toggle off listening mode at the touch of a button. The portability and voice activation now make this a worthwhile addition to my Echo, which is fabulous!",4.0,True,positive,122,1,1
"Much better than the echo dot. However, the fact that you have to touch the button to activate it instead of just talking to it is a bit annoying. Speaker is fairly powerful for its size.",3.0,True,neutral,36,0,1
"The product works well. However, you have to hold down the button to use the best part of the device, Alexa. I really wanted to take it back because it can be a little annoying to hold down the button every time you have a question but the sound quality of this product is just so dog on awesome!!",3.0,True,neutral,59,0,1
The Amazon Tap has great sound and is responsive to requests for the songs and music I like. It has a rechargeable battery and is portable which is great for taking your music with you as you move around. Thumbs up for the Tap!,5.0,True,positive,44,1,1
Was easy to set up. Excellent sound quality for the price,5.0,True,positive,11,1,1
This product is awesome. You can play your favorite music instantly. Also had great fun asking Alexa questions. Some serious some funny. We love it!!,5.0,True,positive,25,1,1
Great speaker and Echo substitute. This is great for on the go as a Bluetooth speaker and when connected to the internet it works great using the Alexa app.,5.0,True,positive,29,1,1
The sound in this is on par with other high end portable speakers. That however is really just the tip of the iceberg. If you have amazon prime you can access all your music just by asking. Also this works if you have Phillips hue so you can turn the lights off and on with your voice.,5.0,True,positive,57,1,1
I would recommend this Prouducts it had great full sound full sound with a conpack,4.0,True,positive,15,1,1
Works really well with echo and is really neat and fun,5.0,True,positive,11,1,1
Amazon Tap is awesome! Very happy with the purchase!,4.0,True,positive,9,1,1
"I'm thinking this must of been a fluke, it never worked. Had to return item but received full refund",2.0,True,negative,19,-1,1
Sounds great. Must touch to activate. Easy to use.,5.0,True,positive,9,1,1
"The Amazon Tap is the first step into making your home a smart home. It will act as a brain to everything else. Unfortunately, you'll have to invest quite a bit more for smart lights, thermostat, locks, etc. to get the full potential out of it. Alone, it merely acts as a Bluetooth speaker and extension of your phone.",4.0,True,positive,59,1,1
"would get another, works great, having fun with all the options",4.0,True,positive,11,1,1
"Unlike the larger version, this does not need to be plugged in..making it portable....although you have to press the button for every request..it's great to take with you where ever you go..fully rechargable",5.0,True,positive,33,1,1
"The Amazon Tap puts out an impressive amount of sound for such a small device. A few things to note if you're not familiar with the Tap or haven't seen it in person:- It's roughly the size of a glass of water- By default, you do have to press the microphone button to talk to Alexa, but as of an update released on Feb 17th, 2017 there is an option in the Alexa app to make the Tap always listen without pushing the button (at the expense of battery life)- The speaker grille is not metal, though it looks like it in pictures. It's a mesh fabric, similar to what you'd feel on the end of some speaker grilles and micrphones. It's firm and comfortable to hold, but if you push hard enough it does flex. - Using a sling or other case will most likely not allow you to use the charging dock, as there is very little room between the tap and the dock for any kind of case.- You can charge the Tap using either the included dock or by plugging any micro USB cable (one is included) into the back of the speaker.",5.0,True,positive,197,1,1
"Hi Everyone, Alexa is the best of the best. I feel like she knows me more and more each week. She is a STRONG speaker for my love of music. She knows like everything ever. I ask her crazy facts and she always responds with something. She does struggle a little with recent events. But that will get better with time. She is my home personal assistant and assists with managing my calendar. In a word. AWESOME!",5.0,True,positive,77,1,1
I Luke it a lot and good to for it for and good to,5.0,True,positive,14,1,1
Great sound. Portable. The kids love it. Didn't think I would use it but I tend to use it a lot.,5.0,True,positive,21,1,1
I would go for the Echo because you can talk to it. The tap you have to touch it before you can talk to it. The speaker is good though for it's size.,4.0,True,positive,33,1,1
Good loud sound. Very good speaker. Convenient voice commands to take outside of house.,4.0,True,positive,14,1,1
"I bought this for my mother in law to use when she is outside gardening. She had a huuuge portable speaker that didn't sound very good and used many double 'd' batteries. This one sounds better and lasts all day. I was concerned she wouldn't be able to figure it out, but it is so user friendly she has no issues with it. She loves it and that is a good thing.",5.0,True,positive,72,1,1
Great speaker sound and ease of setup. Works great with Amazon music option.,5.0,True,positive,13,1,1
Was gift fot my daughter. she seems to enjoy very much.,4.0,True,positive,11,1,1
My son requested this a a birthday gift. He is enjoying it everyday.,5.0,True,positive,13,1,1
"Good, but not overall as capable or comprehensive as I was hoping. Will continue to explore capabilities and Apps.",4.0,True,positive,19,1,1
"This is a great personal speaker. I have both the Tap and the Echo. The only downside to the tap is you actually have to physically ""tap"" the mic button to activate Alexa. The sound quality is pretty good for the price. If you can afford it, I would upgrade to the Echo.",4.0,True,positive,53,1,1
Haven't been able to train Alexa like we've heard. Probably our own fault. We have fun with it.,4.0,True,positive,18,1,1
Bought it for a couple of my friends and it was a big hit with them! Very useful!,5.0,True,positive,18,1,1
"best portable speaker I've ever owned. I use this everyday, mostly when getting ready in the morning or when I have guests over. Good sound quality and links to the Alexa app just like an Echo. It come with a charging base that allows you to not have it plugged in unlike the Echo. Also connects to a mobile device via bluetooth or aux cord.",5.0,True,positive,65,1,1
Very easy to setup and use. Still learning to maximize the usage. The instructio is too simple and not cover much using Alexa .,4.0,True,positive,24,1,1
When it works it's great but for some reason it doesn't always answer me When it doesn't answer me I turn off the tv and make sure no one else is talking and it still doesn't work at that time. It was easy to set up with the phone app. Doesn't seem to matter where the phone is when it isn't working. I've tried close and far and in between. So a case of great when it works and the pits when it doesn't,3.0,False,neutral,84,0,0
It was an unexpected gift. I like this more than the Alexa because this one is portable. It's great for streaming music. My kids use it all the time. Only problem so far is it does not always understand what I'm saying. Especially when saying the name of a radio station. Sometimes takes few tries before I get what I'm looking for. It has great sound when playing music. Talk radio is not as good but understandable. If you want a portable speaker and Alexa this is the one to get.,4.0,True,positive,91,1,1
You need to have amazon prime plus order a special music plan. Disappointing for sure. The sound is ok. I think the larger model is probably better.,3.0,False,neutral,27,0,0
"Love the Tap! Bought it as a gift and love the sound quality. For such a small speaker, it packs a big punch!",5.0,True,positive,23,1,1
This Alexa is a super form of info with little wait time.,5.0,True,positive,12,1,1
I love it it does everything I want can't believe how great it is,5.0,True,positive,14,1,1
"This product, while the speaker is great, fails to deliver with a voice interface. Use your cell phone or computer and buy an Echo Dot.",3.0,False,neutral,25,0,0
I am enjoying the Tap very much. Lot's to do and play with on the app. Still finding new things it can do daily. Great sound quality to play my music. I only wish that it had a better search engine.,4.0,True,positive,41,1,1
Got this for the family and we all love it. Great gift,4.0,True,positive,12,1,1
Sleep design and works great. Ideal gift for the person who has everything.,5.0,True,positive,13,1,1
"This was a excellent gift for the family, A good choice.",4.0,True,positive,11,1,1
"Great product at a great price from Best Buy. Have to press a button rather than just saying her name, but that's the price you pay for it being cordless.",5.0,True,positive,30,1,1
"This is fun but would not buy again. Not very informative. Keeps say ""I do not understand your question. """,2.0,False,negative,20,-1,0
"Bought it as a gift, she loves it. Very entertaining and wonderful volume, having lots of fun with it.",5.0,True,positive,19,1,1
"WAS SURPRISED HOW GREAT THIS WORKS , MUSIC ASK IT QUESTIONS AWESOME",5.0,True,positive,12,1,1
Awesome product. Enjoy using it everyday. Would definitely recommend,5.0,True,positive,9,1,1
I enjoy it. It's gray for reading and working out.,4.0,True,positive,10,1,1
I absolutely love my amazon echo. It is very convenient and handy.,5.0,True,positive,12,1,1
Gift for my wife to listen to her music when she's sewing plus being able to purchase supplies as she runs out.,5.0,True,positive,22,1,1
"Overall I was a little skeptical because this wasn't the product I wanted. Turns out, it's amazing!",5.0,True,positive,17,1,1
Really enjoy the interface and how integrate with the amazon music service .....great,5.0,True,positive,13,1,1
I added this to my echo collection great for on the go and around the house. I don't like that you have to tap it to activate,5.0,True,positive,27,1,1
I bought this as a gift for my girlfriend and she loves it.,5.0,True,positive,13,1,1
"I absolutely LOVE my Amazon TAP. It in my opinion is the best blue-tooth speaker around and with the added skills when on wifi, the TAP is better than the Echo! Portable - YES! Sound Quality - OFF THE CHARTS! I blue-tooth this to my computer and listen to movies with GREAT Dolby sound quality. The battery life has been tested during a camping trip. 8 hours and it kept the charge! It's also easy to recharge it without the stand. Very Cool. BEST BUY's PRICE made it ALL THE BEST BUY OF THE CHRISTMAS SEASON! I picked up the item same day at a local Best Buy. The Experience was 1 - 2 - DONE. Very convenient, very helpful. I would recommend this to ALL my friends!!!",5.0,True,positive,128,1,1
I bought this as a Christmas gift. I'm told that they are enjoying it and are very Happy with all it can do.,3.0,True,neutral,23,0,1
Alexa works great. It was easy to set-up and to us. My wife uses it for playing music through her iPhone and is very happy with it. I am always finding and learning new things with Alexa.,5.0,True,positive,37,1,1
I love its portability! The speakers are phenomenal!,5.0,True,positive,8,1,1
"this is a very good product, the speakers are good, the price was right. I liked everything about it, other than the fact that you had to press the button each time you wanted to talk to it, unlike the echo and the dot. The portability was good, but I didn't have much use for it being portable. Unless you are going to keep the Tap within arm's reach, you're better off with one of the other hands free voice activated products. recommended with caveats",4.0,True,positive,85,1,1
I love the Amazon Tap. The sound is great and it's completely portable. It lacks the convenience of touch free voice command but it cost less to compensate. Excellent product for the money!,4.0,True,positive,33,1,1
"Love the Tap, plays my daughter' s music. Works well if you are a Amazon Prime member.",5.0,True,positive,17,1,1
"Was super easy to connect via Bluetooth - great sound, fun to use.",4.0,True,positive,13,1,1
It works well it takes time for it to know your vocabulary,5.0,True,positive,12,1,1
Nice price for a gift idea at the time. Small compact version of Alexa.,5.0,True,positive,14,1,1
"The Tap has been wonderful! We use it as a timer, for a weather update and for general music. The sound is terrific. I would recommend this unit. It is certainly easy to use - just a tap away.",5.0,True,positive,39,1,1
Serves my needs as required. Sound is good. Ability to move device where required is ideal,5.0,True,positive,16,1,1
Amazon is the tip of leading technology. Always have had great luck with their product.,5.0,True,positive,15,1,1
"Speaker is pretty loud and I love that I can take with me but the only downside is you have to hold the ""home"" button to use Alexa",3.0,True,neutral,28,0,1
Love Alexa....it works so well. Speaker system is excellent and it is amazing how many things it does!,5.0,True,positive,18,1,1
You can take everywhere your music and with wifi you are connected with the world. The best is that the battery lasts a long time.,5.0,True,positive,25,1,1
Great service I loved all of the items and were great gifts,5.0,True,positive,12,1,1
"From latest news flash, to weather info, to hearing a joke while cooking and waiting for Alexa to set a timer, the Amazon Tap is a fun tool to have around the house!",5.0,True,positive,33,1,1
"If you want a Tap to make use of Amazon's Alexa voice services, then dont get one. The Tap is a fine enough Bluetooth speaker for wireless music, but the need to touch a button for voice services renders it far less valuable.",3.0,False,neutral,43,0,0
Great sound and functionality. Minimal kinks in programming. Love it for my bedroom.,5.0,True,positive,13,1,1
Happy to have purchased this one for my birthday and this is the best,5.0,True,positive,14,1,1
"Great sound, it needs to be a little more sophisticated in responding to inputs. For example, yesterday I told it to play Mexican music -- didn't know any, same with Mariachi Music. Could not play any, Odd,",3.0,True,neutral,37,0,1
Great for travel. It is very loud for its size. Over all I love it.,5.0,True,positive,15,1,1
purchased this as a christmas gift for our son in law. he loved it and works well. great sound and loves the portability of the unit.,5.0,True,positive,26,1,1
I love this little speaker. I can just voice activate an alarm time or ask Alexa the weather for the day. It's amazing,4.0,True,positive,23,1,1
Smaller version but works great just like the bigger product.,5.0,True,positive,10,1,1
"The Tap is portable, has excellent sound quality and is a good value for the money.",5.0,True,positive,16,1,1
I wanted the technology but didn't want something that listens to the ever-present conversation in my home. The Amazon Tap fit the bill since one must tap its button to get it to listen.It works and works very well.,5.0,True,positive,39,1,1
"Speaker is really cool. Sounds great, easy to use. Love the fact that it is portable. Only downside I see from the more expensive model is you have to tap the button (not always listening)",5.0,True,positive,35,1,1
"Love, love, love this! Can't wait to use it on our deck this summer!",5.0,True,positive,14,1,1
"I added to a ""dot"" purchase for my daughter, and she loved it! The portability and charge feature she really likes. Great gift!",5.0,True,positive,23,1,1
"Overall, I am very impressed with the Amazon Tap. The sound quality isn't the best out there, but the portability makes up for this. The volume is decent as well. There were a few issues with connectivity over the holidays, but for the past month it has been flawless. Very satisfied with purchase.",5.0,True,positive,53,1,1
Amazon Tap.. got it on Black Friday sale.. But so far feel not as easy as I think to use.. But if you just use as Bluetooth speaker and sound is good.. Maybe just have to learn how to use it more..,3.0,True,neutral,42,0,1
"I was looking for a blutooth speaker to use with my phone but I didn't want to worry about things being ordered on my amazon account or the whole dreaded electronic eavsdropping that has been in the news the last few months. This speaker fits the bill as you can disable order by Alexa, and you have to manually push the listen button for the mic to pick up sound. The speaker quality is great for a portable option. The only thing that I don't like is the charging stand can lose connection if its not sitting just right, but I can't knock a star for this as they allow you to plug the cable directly into the unit itself which solves the problem.",5.0,True,positive,124,1,1
"I absolutely love this speaker. It is easy to use and the app is user friendly. I have used it at the beach, pool, lake, and park I will not travel without it.",5.0,True,positive,33,1,1
"Works great if you plan to have it in arms reach. You have to physically tap it to ask Alexa. Store rep knew what we wanted it for and never told us you had to tap, not voice activate. Returned to wait for indefinite out-of-stock Echo to get in eventually.",5.0,False,positive,50,1,0
"Amazon Tap pretty much works as advertised, and understand that the product will evolve with system updates. Love how the weather, traffic, movies and sports scores/schedules are answered quickly and effortlessly. This was an excellent gift as I gave it to both my son and daughter and my son, unknowingly gave we a Tap back as well. Can't wait to see what improvements are made with the updates coming",4.0,True,positive,69,1,1
"The Tap works great, just like Alexa's little helper.",5.0,True,positive,9,1,1
I bought it for my 15 year old daughter and she loves it. Her friends even loved it so much they went and bought them too.,5.0,True,positive,26,1,1
Amazon Tap is exactly what I expected it would be. The sound quality is good with the Alexa features. I love that you can charge it on the base or with micro USB cord. I would recommend it to anyone that is interested in Amazon Echo and would like the portability.,5.0,True,positive,51,1,1
I bought this as a gift for Christmas and it was well liked,5.0,True,positive,13,1,1
The only thing I have to recommend is that it will not hook up with a blue tooth device. Why is that?,5.0,True,positive,22,1,1
Alexa on the go. Works as Bluetooth speaker with your comparable phone.,5.0,True,positive,12,1,1
Don't know how I managed without Alexa. Everyone in the family is enjoying her.,5.0,True,positive,14,1,1
"I was really excited for this speaker. Got it all hooked up to my echo and was ready to go. Then I listened to the music. It has no bass. If you want something the has a good range of sound, this isn't it. It is focused on treble only. No low end. I ended up getting the JBL Charge 3. Love it",3.0,False,neutral,63,0,0
"It's pretty good for what it is designed to do: a portable bluetooth speaker and Alexa-enabled speaker. Not voice controlled so you have to touch the speaker button for Alexa. Nice thing once connected to your Alexa account is that you can play music, whatever, without having your phone nearby though Alexa only works when connected to WiFi. If no Wifi, then connect via bluetooth to play music from any apps. Battery life is also pretty good.",4.0,True,positive,77,1,1
Great product with a ton of features. Add the Echo Dot to get even more out of it,5.0,True,positive,18,1,1
"I got the wrong one, plain and simple. It does what it says, and I like the connection to the internet to play music, but I should have gotten the Echo, I get annoyed at having to go to it and push the button.",4.0,False,positive,44,1,0
"Easy setup, love that its wireless and its fun talking to Alexa as she gives excellent information.",4.0,True,positive,17,1,1
"I'm still learning what all i can do with this device, but I am continually amazed at it's capabilities. I love playing with it and learning from it. When doing other things, I have Tap playing music. I love this thing.",5.0,True,positive,41,1,1
Truly amazing combination of portability and ease of use and good sound.,5.0,True,positive,12,1,1
"Overall for an Alexa product it does the same thing as all the other ones. This one is specifically portable and only needs to be put on the base for charging. The one main issue is that it is not voice activated (meaning it does not listen to you unless you press any of the buttons on top or the mic button in front. By having this feature, I could see it causing excess battery usage. Needs to be able to apps better.",3.0,False,neutral,83,0,0
"I have been enjoying the amazon tap for two weeks, and am still finding new things it will do",5.0,True,positive,19,1,1
"We have had the full-size Echo for over a year, and I love it. The Tap requires you to push the button before Alexa responds to your requests, so that takes a little getting used to after using the big Echo's voice activated requests. The Tap speaker is not as good as the big Echo, but it is a nice portable blue tooth speaker that holds a battery charge. Overall, I really like this...and I found it at best buy for $78!",5.0,True,positive,82,1,1
I gave this to my daughter for Christmas because she wanted a portable speaker. I thought the addition of Alexa would be fun. She loves it. She said the sound is really great.,5.0,True,positive,33,1,1
"I can't say enough about the Amazon Tap. I enjoy playing music from it and that it's portable. I can play music from my Amazon prime account, Pandora or from my phone. It is fun to ask Alexa questions. Yes, Alexa cannot answer all my questions or find everything I ask for, but it is still amazing.",5.0,True,positive,57,1,1
It was a gift. It was a gift. It was a gift. It was a gift.,5.0,True,positive,16,1,1
"I purchased this as a Christmas gift for my daughter.She loves it, easy to use, speakers are more clear than her other devices Great volume",5.0,True,positive,25,1,1
"I didn't want something that was always monitoring room conversations. This appears to only listen when I tap it, and that is much more acceptable to me. Works great. :-)",5.0,True,positive,30,1,1
He loves electronics around Christmas so this was right up his alley! He loves telling Alexa to do things like turn up the thermostat or to play songs,4.0,True,positive,28,1,1
"Bought the Tap for my mom to primarily listen to music. Although my mom forgets ""the girl's name"" haha, we've found Alexa will answer without saying her name. The rechargeable base is nice so the Tap can be moved around the house or outside within range of wifi. Sound is great, too! Pleased!",5.0,True,positive,53,1,1
"Love this product. It is nice looking, easy to carry, and the sound is amazing. Very easy to set up and connect to amazon echo. Nothing to complain about th he speaker itself. However the carrying case is kind of stupid and useless also. One has to take it down just in order to charge.",5.0,True,positive,55,1,1
works as expected. great Christmas present for the kids.,4.0,True,positive,9,1,1
"Has great sound, clarity,alexia has great responses",5.0,True,positive,7,1,1
Bought this for my girlfriend for Christmas and she loves it. Great music player with all the great Alexa capabilities. Opted for the Tap because I'm a bit weary of the Echo always listening.,4.0,True,positive,34,1,1
I liked it as it was a great price and the size was the major factor... Not too big and bulky compared to others.,4.0,True,positive,24,1,1
"This speaker has a great sound and its perfect to take out on the patio or in any room that I am in. The tap is annoying compared to the Echo with voice activation, but the wireless features makes the purchase worth it.",5.0,True,positive,43,1,1
"I debated between the tap and echo, and this went on sale just before Xmas for such a great price at Best Buy. That helped to make up my mind pretty quickly!",5.0,True,positive,32,1,1
Can charge and take anywhere in the house! Holds a long charge.,5.0,True,positive,12,1,1
Most speaker like this will be over USD150.00 but this one is less than that price with a great sound quality,5.0,True,positive,21,1,1
"This has been a very nice addition, it allows the whole family to use and enjoy it.",4.0,True,positive,17,1,1
"So far we are very much enjoying the product. Great for outdoor use by the pool due to its portability. We have not had a chance to really test how long it can go without a charge but a couple hours has been no problem. Only catch is that you cannot stream a single Spotify account on more than one device at the same time, so if you find yourself purchasing the Dot or Echo you will not be able to stream using the same account at the same time.",4.0,True,positive,90,1,1
The tap is amazing. portable and connected to all amazon content,5.0,True,positive,11,1,1
It is a very handy device and I highly recommend it. I also enjoy using Alexa on it.,5.0,True,positive,18,1,1
"While it seemed to work fine, the Tap does not have the open mic feature. While that can be best for some, I bought it as a gift and they would prefer one that listens. The Tap makes you press the mic button every time you wish to communicate with Alexa, which seems to defeat the purpose.",2.0,False,negative,57,-1,0
"the speaker voice quality is terrible compare the similar size my logitech UE BOOM.the price is too high, even I got on promotion with $79",1.0,False,negative,25,-1,0
The speaker sounds very decent for the size and cost but my favorite thing about the speaker is it is wireless and portable. I can charge the speaker and practically take it anywhere without having to plug it in.,5.0,True,positive,39,1,1
"very interesting device, but having to touch button is a pain sometimes.if that would bother you, then go with Echo.",4.0,True,positive,20,1,1
I bought the Tap to integrate with the Echo. It is ideal for my husbands office where he can use it on his desktop in easy reach for music or to contact Alexa. The wireless feature is great but having sound activation would make this product perfect!,4.0,True,positive,47,1,1
Good price works great would buy again good value for the price,5.0,True,positive,12,1,1
"Last Christmas I gave my nephew a fire stick, which he loved. In the meantime, I purchased an Amazon Tap for myself. Since he likes gadgets, I knew he would want one. So I purchased it for him",5.0,True,positive,38,1,1
Took awhile to get connected to my home wifi but now that it is it streams flawlessly with no lags in music. Doesn't have the dynamic sound range as other Bluetooth speakers i own.,4.0,True,positive,34,1,1
"Small, portable works as a blue tooth speaker when I take it away from home with me.",5.0,True,positive,17,1,1
"It's not the echo but for what I paid, it's well worth every penny",5.0,True,positive,14,1,1
"Alexa do ........something? Welcome to the new interconnected world Circlers! Do you want a speaker to stream your music at a voice command? This may be for you! Do you feel that technology is driving our lives more and more toward the dystopia of David Eggers ""The Circle"" and you want to escape from technology for a while? Then likely not, as even though you have to touch the button on this unit as opposed to the always on Echo and Echo Dots, your life is still connected to Alexa via voice prompts! I liked using it for Amazon music, and the occasional Amazon Video, but i have yet to order a pizza or hail an Uber. Some people may feel they need technology to run their lives, I am not quite there yet and may never be! It is fun for what it does though, and it is a good bluetooth speaker!",4.0,True,positive,153,1,1
"Great speaker, Love using voice commands, Even my granddaughters use the voice command to search for songs.",5.0,True,positive,17,1,1
This is a very nice addition to the alexa family pf products. It is wireless so you can move it around to house wherever you want to listen to music at without having to search for plugs. Great sound and portability.,5.0,True,positive,41,1,1
This worked well as an extension of the Amazon Echo to cover our basement living area.,4.0,True,positive,16,1,1
"Doesn't understand some commands or Questions,but good overall",3.0,True,neutral,8,0,1
Very enjoyable and easy for listening to music selections online. It sounds very good for it's size.,5.0,True,positive,17,1,1
"I like how it plays music. It is perfect to connect to smart home products. Such as nest, Belkin , and many others. It is easy to use.",4.0,True,positive,28,1,1
"Gave as a gift.Did not know you had to ""tap"" it before you talk. Thought it was like echo.Anyway, they still love it and does not mind pushing the button to talk.Really likes that it is battery powered, portable.",4.0,True,positive,39,1,1
"I own the Echo, and love the product! So I purchased the Tap as a gift.",5.0,True,positive,16,1,1
Great sound..easy to connect..problem is.. its not voice activated..so u have to push the wake button anytime u need to use it..that means it has b close at hand...,3.0,False,neutral,29,0,0
Camera was perfect for my daughter... she's in yearbook at school and fell in love with it...,5.0,True,positive,17,1,1
I literally use this thing every single day. Love it.,5.0,True,positive,10,1,1
I like it. I use it everyday and so far no cons. Im very please.,5.0,True,positive,15,1,1
With this you have someone to talk to and answers you.,5.0,True,positive,11,1,1
This speaker has great sound and is very easy to use.,5.0,True,positive,11,1,1
I purchased the Amazon Tap when it was on sale for around $80. The sound is amazing (unlike my Amazon Echo it has stereo speakers!) and the battery life is great! It has Wi-Fi and Bluetooth so you can stream from the internet or from your mobile device. Highly recommended!,5.0,True,positive,50,1,1
Fun new product. Great gift idea especially if you aren't good with technology.,5.0,True,positive,13,1,1
It's very tin sounding no bass sounds terrible bought a bose sound link and a amazon dot to hook up to it,1.0,False,negative,22,-1,0
purchased as a gift but I do have the Echo. If the echo works like the Echo it will be great.,4.0,True,positive,21,1,1
"This is one of the best products we have every purchased. Plays any songs, give directions, weather and the sound quality is EXCELLENT!",5.0,True,positive,23,1,1
Sound quality is amazing. I really like the ability to take this on the go. Downside. I wish I didn't have to press the button to talk and to wake the product up,5.0,True,positive,33,1,1
Love it works great a lot of fun great for listening to music,5.0,True,positive,13,1,1
Nice portable speaker but wish the sound quality was better.,3.0,True,neutral,10,0,1
Love it great speaker as long as u have access to WiFi,4.0,True,positive,12,1,1
"Bought the echo first, and liked it so much I bought a Tap to add mobility. I carry it around all the time, to the garage, working out, etc.",5.0,True,positive,29,1,1
"I am a huge fan of the echo. That being said this is the last one I would buy. The original echo's speaker sounds much better and is hands free. The dot has great connection Bluetooth and more importantly audio out to plug into a stereo system. I bought this for the purpose of being able to carry outside around the house when working in the yard. The sound is not as robust as the original echo (not portable - no internal battery), but good enough when in the yard to at least have music.",4.0,True,positive,95,1,1
This is a great product! Would definitely recommend this item!,5.0,True,positive,10,1,1
It makes me so happy to listen all kind of their music station,5.0,True,positive,13,1,1
Pretty good sound for the size and configuration of speaker. Easy to set up.,5.0,True,positive,14,1,1
Bought this gift for my wife and she loves it. Works as expected.,4.0,True,positive,13,1,1
What a terrific device. You can ask it anything and she has an answer. It's small enough to place anywhere so it doesn't look instructive,5.0,True,positive,25,1,1
"This product works great as a little helper and as a great speaker for music. I purchased this for my mother in a nursing home, she loves it! It is very easy to set up and use.",5.0,True,positive,37,1,1
It works about 50% of the time when asking it a question.,3.0,False,neutral,12,0,0
"The Ultimate Bluetooth speaker...I have multiple Amazon Echos and a Whole Echo System set up in my house. I Love Everything Amazon...I can't stand Apple but now I know how they feel...I am a Cult Member of Amazon!!! LOL So anyway...I have been trashing this device...The Tap...because it does not have the always on feature and that is one of the things I like most about the Echo. The only flaw of the Echo is it is not portable..I tried the Triby but I did not like it...more for little kids. So on Black Friday the Amazon Tap was on super sale so I bought it. The Tap is smaller than I thought it was...about 2/3rd the size of the Echo..which is perfect for portability...But don't let the size fool you the sound is only short of Bose when it comes to volume and sound quality. Important note...You don't have to have an Echo to use this device...just The Alexa App on your smart phone. The Tap does everything the Echo does..It is an Amazing Bluetooth speaker...AND IT""S PORTABLE!!! Automatically switches/remembers different WiFi areas and can be used with a Hot Spot. The Most Amazing thing about the Whole Amazon Echo System is that Amazon keeps making enhancements and partnerships weekly. Meaning something it would not do two weeks ago it now does...Some things Even better than Google Now...and Light Years ahead of Siri. The Tap is my new favorite device...it is PERFECT!!! The only flaw is that it IS NOT waterproof...Amazon if you are listening make the next Tap waterproof!!!",5.0,True,positive,261,1,1
"The Amazon Tap is a great mobile Bluetooth speakers, if you are invested in the Amazon eco-system. The produces good sound at all levels, plays music stored in your associated cloud accounts and does everything else the Echo can do, just with mobility added to it (as opposed to the Echo that always has to be plugged into the wall to work).",5.0,True,positive,62,1,1
Didn't want to spend $200 on the Echo for someone who's not use to using a Bluetooth speaker. Great buy and functions well.,5.0,True,positive,23,1,1
If you have Prime this is the best thing you can buy!,5.0,True,positive,12,1,1
"This is a fantastic little speaker with the power of Amazon Alexa. I use it to stream Spotify, Pandora andESPN Radio. Small speaker fills the Garage like a concert hall. Battery last 8 hrs and the charging stand could not be simpler to use.",5.0,True,positive,44,1,1
"I have an echo, tap and a dot. Currently my tap serves as a Bluetooth speaker for my dot - making it more like the echo, but i enjoy being able to take the tap anywhere. It has really good sound much like my echo. It also works great in the app and syncs with all my other products.",5.0,True,positive,59,1,1
Would buy the cheaper one than I bought.The echo is a better product,3.0,True,neutral,13,0,1
I like the Amazon Tap because it is portable. I have used it several times and it makes things a lot easier.,5.0,True,positive,22,1,1
We're in our 70s and and have a good time with it.,4.0,True,positive,12,1,1
This is a great addition to my expanding smart home. The speaker sounds great and alexa is very responsive.,5.0,True,positive,19,1,1
Pretty cool kids love it. Always adding things to my grocery list I didn't want.,4.0,True,positive,15,1,1
"I love this product and that you can take ""Alexa"" everywhere with you because it is a portable speaker. You can connect it to your phone when away from a WiFi building. The speaker is great, it is surrounded by cloth, which I would worry about it getting dirty. The one downside to the tap compared to the Echo Dot or the OG Echo is that Alexa is not always listening and for her to work on the Tap, you have to press the speaker button. Pretty self explanatory name. You have to ""tap"" the tap. I ended up returning it to get the dot. But, like I said, great speaker, great portable device.",4.0,False,positive,114,1,0
This is a great device and so much fun to use. It is so versatile in what it can and control.,5.0,True,positive,21,1,1
No issues at all... wish it were water proof. My kids and family love it.,4.0,True,positive,15,1,1
"Easy set up, tons of music, easy to use. If you are looking for voice activated, this is not it.",5.0,True,positive,20,1,1
"Love that the Tap is portable. Drag it all around the house and outside. I'm not an audiophile, but I think the sound quality is very good except at the highest level. Only wish it was always listening when it is charging on the dock.",4.0,True,positive,45,1,1
"Didn't know I would like it this much, but it's wonderful. I use it mostly for streaming music from Pandora. I love that I don't have to rely on another device and connect via bluetooth like other speakers and the sound it great!",5.0,True,positive,43,1,1
We use this speaker all the time. It's perfect. I would buy this time and time again.,5.0,True,positive,17,1,1
This gizmo is awesome for those who want the portability and cool things you can do with the Alexa world!,4.0,True,positive,20,1,1
We bought to give away at a Halloween party. We own them ourselves and they are awesome,5.0,True,positive,17,1,1
I love this little speaker. It is small enough to carry it wherever I want to bring it yet loud enough to be heard The Alexa interface is pretty cool as well. The only issue for me is that it doesn't connect with Apple Music. This issue is easily resolved by putting Tap in Bluetooth mode and playing Apple Music through my phone to the Tap,4.0,True,positive,66,1,1
"If you want one of the most advanced alarm clocks on the market then this is your device!It works well. Calendar functions, plays radio, most podcasts, can order Domino's. But you have to be aware that most features require to some degree Amazon Prime membership. For example Spotify will not work unless it is a premium account.",4.0,True,positive,57,1,1
"The whole family is using it. Music, Bluetooth speaker, questions, game times, sports scores. Love the portability.",5.0,True,positive,17,1,1
Lets me choose the type of music I love. Can even go to the beach with me using my sling.,5.0,True,positive,20,1,1
sound is greatdifficult to connect with hotel wifi'sseems durable,4.0,True,positive,9,1,1
"great for listening to prime music, quick weather reports. volume adjusts quickly and gives status of battery on request.",5.0,True,positive,19,1,1
Has good sound for little speaker & good for getting information with out getting up.,5.0,True,positive,15,1,1
"If you dont need the voice activation of Alexa, or want a smaller footprint and something that you can take with you, consider the Tap. Almost all of the functionality of Alexa, but in a smaller ( and less expensive ) version.Great room filling sound with out the distortion from some of the cheaper alternatives.",5.0,True,positive,55,1,1
The Amazon Tap has great sound and plays most of my requests. Easy to use and easy to set up.,5.0,True,positive,20,1,1
So glad I purchased this productive it use it all the time,5.0,True,positive,12,1,1
I bought this item on a whim and because it was on sale. I've been pleasantly surprised. Search sounds great for its size.,4.0,True,positive,23,1,1
Battery life is very long and the sound is surprisingly good. Alexa is not as 'smart' as the marketing would like you to think. I get a lot of 'I don't know the answer to that',3.0,True,neutral,36,0,1
"This is a decent tag along item to go with the Echo. It does the trick as a stand alone as well if a speaker and Alexa service is all you're looking for. Only downside is, if you also own an Echo, when you push the button on the Tap to speak to Alexa, since she is always listening on the Echo, she tends to pick up your commands on the Echo as well. Be sure to place the Tap a decent distance away from the Echo. Otherwise, this does what it's intended to do.",4.0,True,positive,95,1,1
Love every aspect of the Echo. We even went and bought a Tap!,5.0,True,positive,13,1,1
"What I like is it its sound, it's portable and I use it at work. The sound fills the whole office.",5.0,True,positive,21,1,1
This is a nice item..I can set reminders get news and weather..all by the tap of a button,5.0,True,positive,18,1,1
This is the echo you can take anywhere. Runs on battery and can connect via bluetooth when away from wifi.,5.0,True,positive,20,1,1
I would recommend it. It is fun to use and puts out good sound.,5.0,True,positive,14,1,1
Got this on sale for 100! Replaces my 500 cds! Must buy as long as you have Prime!,5.0,True,positive,18,1,1
"Excellent sound and fun. Very portable and easy to carry in backpack. All the features of Echo and Echo Dot but you must ""Tap"" the button before speaking.",5.0,True,positive,28,1,1
"hard to use, and does not support Guam. online instructions not clear",1.0,False,negative,12,-1,0
It's great just wish it did not need a button to work. Otherwise love it!,5.0,True,positive,15,1,1
"Works great, sound is clear and is really loud. Would recommend",5.0,True,positive,11,1,1
This is such a great product I have two of them! Would highly recommend.,5.0,True,positive,14,1,1
The touch is a great device to control connected home products. Perfect for outside use for prime music also.,5.0,True,positive,19,1,1
"Bought this for my boyfriend, he LOVES it! He takes it on every trip we go on. It's so powerful for such a small speaker! I would definitely recommend this to anyone.",5.0,True,positive,32,1,1
I have an Amazon Echo and the Amazon Tap works wonderfully with Echo. The sound quality is great. It is easy to use and set up. It beats turning on the receiver for music. If you are looking for great and easy sound machine the Tap is it.,5.0,True,positive,48,1,1
Bought as a family gift. We use it all the time now. Very helpful and covenient,5.0,True,positive,16,1,1
"Overall good, not great. I get tired of having to push the button to talk to her and she can't find a lot of the music I liked. Am getting some Dots to see how they will work. For price point it works.",4.0,True,positive,43,1,1
This is a awesome product. My husband and I love it.,5.0,True,positive,11,1,1
Love the sound that comes out and Alexa is very informative!,4.0,True,positive,11,1,1
"I have not had such a reliable speaker before. It is so easy to charge, and so easy to start playing songs right away. With Alexa, you can access information quicker than pulling out your phone, unlocking it, and pulling up Google.com. Love it.",4.0,True,positive,44,1,1
"Alexa works great, but the the sound quality of this speaker is terrible, your much better off with a echo dot and bose sound link mini set up.",3.0,False,neutral,28,0,0
"I bought this speaker after looking at other speakers from Bose and Beats. I purchased this one because it had great sound, but also because it was cheaper than competitors and had many additional capabilities via Alexa voice control. I love the ability to walk around the house and use streaming services via voice. It's great than I can carry just the speaker and not have to rely upon a phone app to change songs, playlists, volume, etc. The Alexa voice recognition works very well--it seems to be more accurate than Siri. I frequently ask Alexa what song is playing. I also ask Alexa to search for certain songs that I want to hear. If not in my library, it will play from Prime Music, similar to the way Apple Music functions. Additional voice features I use are news reports, weather forecasts, and control of WeMo switches in my home. Overall a great buy.",5.0,True,positive,154,1,1
"I wasn't sure how we would like the tap, but I must say it has been fun talking to Alexa. I like asking her to tell me a joke, play my favorite radio station or play music. The fun continues as I add apps and Alexa expands her knowledge base.",4.0,True,positive,50,1,1
Awesome. I really enjoy using it. The portability is a plus!,4.0,True,positive,11,1,1
"Full disclosure. I own five Amazon echos including a few Dots as well as this Tap, so obviously I'm a fan of echoes. Honestly I couldn't figure out from Amazons marketing and the online review how the Tap fit in as compared to full blown Echo and the Dot. I kept thinking it was limited compared to the Echo and the Dot because you had to Tap the button to ask it question. However given that it's completely portable and runs for up to six hours on a charge it makes sense that it would wast battery if it was always listening for a voice command. IMO, the Tap sounds just as good and maybe even better the the Echo in a much smaller form factor. Since it's portable it's probably going to be sitting next to you any way so tapping to ask a question is not really an issue and in someways is better when you have a full table as you can control who gets to request music. My friends and I get into fun wars asking for different music on the full blown Echo but it can also get a little annoying when someone plays Michael Bolton over my Bruce Springsteen. Bottom line just as good of sound as the full blown Tap in a portable and smaller form. Very Happy with all my echoes but this may be my favorite.",5.0,True,positive,235,1,1
"Nice sound for the money, good highs not much lows",4.0,True,positive,10,1,1
Great additional piece to go with Echo. If you want a additional unit you can't beat this product and the price!,5.0,True,positive,21,1,1
The product it amazing love that it turns in lights on and plays my favorite music.,5.0,True,positive,16,1,1
"Tap is a portable Amazon Echo with speakers. Great for carrying to basement or upstairs. Works like echo but not voice activated, you must ""tap"" it before talking.",5.0,True,positive,28,1,1
We have the tap and the echo. I wouldn't buy another tap. It's the voice activation that is so good. But if you don't mind having to push the button for every command then the tap is ok. But for me... only echo.,4.0,False,positive,43,1,0
"I bought this to listen to music. I do not use the Alexa feature all that much. The feature does work great, but it gets annoying having to press the button vs how on the echo you just speak. The speakers work great. I can hear the music crystal clear throughout the majority of my house while playing it. Bass is decent. I would recommend to someone.",4.0,True,positive,67,1,1
"I read all reviews about the tap so I decided to try it, I love it. The tap keeps me up to date with weather, news etc. I use it every day.",5.0,True,positive,32,1,1
"Good sound but unlike Echo, you have to press a button on the device to have it do what you want it to do. I ordered a Dot so this may solve that issue.",4.0,True,positive,34,1,1
"great device to listen to music,best blue tooth on the market today,I highly recommend it",5.0,True,positive,15,1,1
This is awesome addition to the stationary Echo. I can take this out in the yard or garage when working outside. Great sound and long battery,5.0,True,positive,26,1,1
"Used it as a bluetooth speaker and love how I can use Spotify with it....just say Alexa, and ask for your favorite artist.....",4.0,True,positive,23,1,1
It's pretty cool. Integration with Amazon Music via the mobile phone interface is a little iffy which is odd given both products come from the same company.,4.0,True,positive,27,1,1
"If you already have the Amazon Echo system then the Tap is a nice addition. I use it primarily as an outdoor speaker for my patio when the weather is nice. There are Bluetooth speakers on the market with better sound quality but it does an adequate job as a speaker. The real advantage is being able to interface with the Echo system as well as item to music, news,etc. I have not used it off it's charger long enough to comment on battery life but so far a six hour session outside was no problem.",4.0,True,positive,96,1,1
I do like the portability of my Tap. You do lose some features from the Echo - like speaking to it from across the room. But i'm happy with it and it has good sound. great to take out by the pool!,4.0,True,positive,42,1,1
"I purchased a Echo for home so added a Tap for my office at work, so I can chat with Alexa at work and my main reason was for a decent BT speaker for my office. This has great sound streaming my Prime music and XM vis the XM app. Can't go wrong. Quality music and Alexa when I need some help with spelling hard word's, she getting smart. Pick one up. You have a woman to talk to when the wife is out.",5.0,True,positive,84,1,1
It's not bad for the novelty of Alexa. Might as well get the echo. Sound it not bad and I'm no audiophile. Might be good when my echo dots come in. Is it worth it? There are better Bluetooth speakers out there.,4.0,False,positive,42,1,0
Great outside speaker and alexa is really great to use.,5.0,True,positive,10,1,1
I prefer spending the extra $70 or $80 to get the echo,4.0,True,positive,12,1,1
"Fantastic sound from such a small speaker, excellent! Not as impressed with its other potential capabilities- more difficult to set those up & get all the various apps needed to do things like get weather, order items, etc.. Wish it came with more pre installed I guess.",4.0,True,positive,47,1,1
"It takes me a few tries to figure out how to connect to internet and then change it to blue tooth when needed. Overall , once it's set up it's super easy to use. Works best if you have Spotify premium. Voice recognition is good and it improves over time. Sound quality is good. Battery is really good.",4.0,True,positive,58,1,1
Plays all my iPod music via Bluetooth. Also plays radio stations you can't get on a regular radio. Very practical and fun.,5.0,True,positive,22,1,1
"I love it hut I think I should have got the bigger one, but its entertaining",4.0,True,positive,16,1,1
Brought this as a gift for my sister and she absolutely loves it! Great product for the price.,5.0,True,positive,18,1,1
"I was looking for just a Bluetooth speaker to add to my laptop for better sound. When I first listened to Amazon Tap I was so impressed with the sound quality.....then add in all the features it was a no brainer for a purchase! Sound quality is off the charts, Alexa learns more every day, and so do I! If you are a Prime member, this is a must! If you aren't...then you really should be!",5.0,True,positive,76,1,1
I live in a small apartment and this fan kept the whole place cool.,5.0,True,positive,14,1,1
"I should have done some research before buying the Tap. I would have rather had the upgraded version that is voice activated. Also, I thought it would be more like Siri where you can ask anything. Alexa's answer to most questions is, ""I don't understand the question."" The Bluetooth speaker works fine.",2.0,False,negative,52,-1,0
"If you want a certain level of privacy and at the same time a speech enabled assistant, then this is the product for you. The Tap only listens to your, when you push the ""button, otherwise it is deaf to its surroundings. You get the awesome power of Alexa, provided by Amazon, and no worries about anyone listening to you surreptitiously.",5.0,True,positive,61,1,1
I love using this as a speaker for my MacBook. I keep it in my office and use it daily!,5.0,True,positive,20,1,1
Love the tap. The speaker is nice. Likenit has a charging cradle it can sit on. Easy charge.,5.0,True,positive,18,1,1
This is a great piece of hardware...I love it. really good all around..,5.0,True,positive,13,1,1
"Great sound and portablebility. Nice style, lithium battery, requires wifi and there are internet radio stations and news. Amazon has features available as well. I use mine a lot.",5.0,True,positive,29,1,1
"Amazon has been the leader in this space of voice recognition and with the AWS engine behind it, there's a lot of opportunity for development, both from the community as well as Amazon. Naturally they favor interaction with services they sell, so others will need to build links to others, but the development environment seems to support a lot of innovation already. The price of this TAP was outstanding, adding it to my existing ECHO and now considering a DOT.",5.0,True,positive,80,1,1
"Best Buy was running a sale on these and I thought I'd give it a try. I wasn't expecting much but was pleasantly surprised. I'm an Apple guy so Siri has been my ""go to"" virtual assistant. I must say that I am duly impressed with Alexa. She seems to understand me better than Siri does. All the Skills and the ability to play music by just asking is really great!The fact that this is all available in a portable device that I can take with me everywhere I go is so useful. The Tap remembers both wifi and cellular hotspot connections so I can use it anywhere. Unlike its non-portable brother the Echo, you push a button to issue commands to Alexa. On the plus side, you don't have to say Alexa. On the negative side you still have to push the button. I understand why this has to be the case as it would not last long on battery power if Alexa was listening all the time. Amazon should issue a firmware update to allow Alexa to listen all the time when plugged in.The sound quality is good, not great. Other speakers in the $129 category sound better. But none have all the convenience of Alexa, Bluetooth, Wifi and portability in one package.I'll be buying more as Christmas gifts!",5.0,True,positive,221,1,1
We really enjoy our Alexa. I always have it for music. Lately we been movie times. The kids like to ask it silly questions and they can't get enough of it,5.0,True,positive,31,1,1
"I bought one for myself and a couple as gifts, it's cute but still haven't figured out what's so great about it. I will say that it does pick up your voice throughout a huge room.",3.0,True,neutral,36,0,1
It's nice and portable and works well on the go. Wished it had the option to be able to use voice commands without pushing the button.,4.0,True,positive,26,1,1
I returned it because I wanted better sound...opted for a bose soundlink. Decent speaker with nice amazon prime/Alexa features...just not the sound I was looking for.,3.0,True,neutral,26,0,1
This was a gift had no plan to purchase one. But very pleased with the portability and the sound quality,5.0,True,positive,20,1,1
Omg I am so enjoying this. Sitting around the back deck with family wishing we have music that doesn't require plugs or wires. Saw it online deals of the day read the reviews and ordered on he spot and drove a half hour drive to my closet Best Buy. Play it now everyday.,5.0,True,positive,53,1,1
The tap is a great product! Access to Alexa in a grab and go format!,5.0,True,positive,15,1,1
"I have missed my Pandora since I moved from Ft. Worth, TX to Colorado a few months ago. My nephew had the Amazon Tap and I was amazed at all the things his kids were having fun with it ( saying.. ALEXA.. tell MIMI (their Grandmother) to GO TO BED.. AND IT DID!! And the sound and quality of music coming from it. Awesome. :) I had to have one, so I went to local Best Buy and bought it. I even set it up myself (I'm 65 so was impressed with myself! LOL) but I have listened nonstop to 60s music or music from DIRTY DANCING (which I loved). I have ordered a little case from Amazon.com to keep it if it tips over or just to carry from room to room, which I have been doing. I feel like I have a new found friend.... love listening to this little cylinder who is as good as BOSE in my book! Get it, you'll love it! I DO!! :) VERY VERY pleased with it! Weather updates here or where my kdis are. Just checking. :)No interruptions or commercials when listening ALL DAY LONG!",5.0,True,positive,194,1,1
"Amazon Tap is a great device. The device has very good audio quality despite it's small size. The biggest difference between this and the larger Amazon Echo, is that you have to press the ""microphone"" button before the device will listen to you (which is great for people who are concerned that the Echo is always listening to what you say). So far, the battery life has been great. With the Alexa app, it is very easy to connect this device to different Wi-Fi networks.",5.0,True,positive,85,1,1
Love that it's 'interactive' as long as I'm connected to the wifi or via Bluetooth to my phone! The sound is pretty good - tends to get a little 'tinny' sounding if you turn it up too loud. But overall a good sound. I'm still trying to find Alexa's limits on what she can and can't do!!,4.0,True,positive,57,1,1
"I really haven't had a chance to use this much yet, but it seems like a coll little gadget.",4.0,True,positive,19,1,1
We love our Amazon Echo but it is hard wired to kitchen. Because of where we live AM reception is poor but through an Echo or Amazon Tap I can listen to some of my favorite stations through iHeart Radio and the Tap is portable.,5.0,True,positive,45,1,1
"More than you average portable bluetooth speaker. Can stream from amazon, spotify, pandora, etc. As the namesake says, give it a tap to ask Alexa any questions, add to your list, order something on Amazon, etc.Battery life is good, and speaker is decent, but can't compete your UE or JBL.",4.0,True,positive,50,1,1
"Love having the wireless tap to use anywhere. It's small, sound is good. charges up quickly. Bough the sling to protect it outside.",5.0,True,positive,23,1,1
"As a bluetooth speaker, the Tap rocks! The sound quality is excellent, plenty loud when needed, and excellent quality with no stutters in streaming. I bought this one instead of the Echo because it is portable, and I can lug it from room to room. The charging stand is very convenient, and the Tap stays there most of the time. Having to press the button to activate each of the voice commands is not an issue for me, but is something to consider. (If you want hands free use, you may want the big brother Echo device, which is hands free, but tethered in place by a power cord, so not portable). The feel of the Tap with the black fabric cover is nice, and will not slip out of your hand. The fabric is like tough upholstery cover, so it won't stain or be easy to damage, but is quite attractive. I am glad they did that, as bare plastic would be easy to drop. I found it easy to pair with bluetooth and wireless, and it works as advertised! I mostly just use it for playing music and asking Alexa silly questions for fun! I occasionally use it for shopping lists, which shows up on my phone, and checking the weather. Who knows what the future holds,when I have time to sit down and really learn all that it can do? I understand that Amazon plans to add more Alexa skills all the time, and if one got into smart house control with compatible products, the Tap would eliminate all remotes, which I already have too many of. I think it is a really fun, cool item, and I am glad I got it! It is so much fun to use voice commands instead of typing, especially the tiny smart phone typing ! I could get used to this! I have the Alexa app on my phone, which allows certain voice commands to show up on my phone, like shopping lists, to do lists, calendar. The Tap can also check traffic, weather, movies, etc directly through Wi Fi, no phone needed. However, the Alexa phone app actually helps you figure out what you can do with the Tap. The Tap can read Audible and some kindle ebooks to you as well! BTW, I haven't had any problems having it understand me, which is amazing, since I grew up in Texas and expected a problem with my accent. Obviously, this item is ideal for people who are Amazon Prime members, so you can stream Prime Music, although it also streams Pandora and other music services, and does many things without any connection to Amazon. I guess the most unique thing about the Tap is its ability to stream wi fi music directly, without a computer or phone driving it - that and the voice control. I have paid more for smaller ""just"" bluetooth speakers, so to me, this was a super deal, and continues to be a source of fun and entertainment!",5.0,True,positive,503,1,1
Product is great. Does a good job at interpreting voice commands. Every once in a while it would have a problem with the wifi connection.,4.0,True,positive,25,1,1
"When I purchased the Tap I thought it was a portable speaker for the echo. It's actually it's own device. Yes, it's portable, can operate wireless.It does work with the same ""alexa"" set up. The Echo operates with no hands…you can simply speak to Alexa. The tap has a microphone button you need to hold down to speak to Alexa. Great sound quality. Rechargeable base unit.",5.0,True,positive,66,1,1
"We have bought two Taps, one for ourselves and one as a gift for our son. We love the portability of the Tap. It's perfect for our deck. Our grandchildren love it, too.",5.0,True,positive,33,1,1
It is great to take my Tap on the road. Easy to use and sounds great.,5.0,True,positive,16,1,1
I was not overly impressed with this system. I didn't realize you have to buy Amazon prime in order to use the functions. It didn't connect easily to my phone. It wouldn't just stream music saved on my iPhone. I had to download a music app and then load my music into the app. It wouldn't work. Way too much work and added expenses in order to use. Wasn't happy with that so I returned it and purchased a jbl portable Bluetooth speaker.,2.0,False,negative,83,-1,0
The kids love it. They ask it silly questions which to my amazement it has an answer. I really like for the music aspect. Just tell it a song and it finds it,5.0,True,positive,33,1,1
I like the Amazon Tap. I use it as a speaker in my garage for working out. It is tied to my Amazon Echo. I am able to use Alexa and Amazon Prime material. Would highly recommend.,4.0,True,positive,37,1,1
"Speakers has an excellent quality, despite the small size.The only disadvantage is the Amazon Echo feature, not present in this one, which you can just ""call"" Alexa and she will answer you. In this one, as the name says, you need to ""tap"" the button to wake Alexa up.",4.0,True,positive,49,1,1
Love all the features that come with this speaker. Alexa function by tapping device is a nice change of pace from the always listening echo and dot! Above avarage sound on the go and got a great deal on it!,5.0,True,positive,40,1,1
"Do you spend lots of time on Amazon? Do you like listening to music anywhere in your home? This is the device for you. Even after a month of having the Tap, I'm still learning what all I can do with it verbally. Play genre of music in the HUGE Amazon library. I even have ordered items directly from it. One last feature I want to share is that it provides accurate weather information; current and forecast up to a week.",5.0,True,positive,81,1,1
It's a nice item but really there's other things that do the same thing. So we actually returned it.,5.0,True,positive,19,1,1
"This device can be a very load speaker, I mean really LOUD. It also can access AMAZON prime service without a computer. I like this little Tap.",5.0,True,positive,27,1,1
"Much more than a Bluetooth speaker. It is great to listen to music from Pandora, Amazon, etc with it streaming directly from wifi. Saves the battery on my phone. As others have said I wish that it had an option of having the voice activation on all times but I guess they didn't put that in to save battery life. Maybe something for the next generation TAp",5.0,True,positive,67,1,1
Want to try one and Best Buy put up the best price. Th tap is good for usage on the wifi network. Use it to play music outside around the house.,5.0,True,positive,31,1,1
"Seriously a flawless, portable, smart, multipurpose gadget. Add this to the incredible Flash Sale price and I'd have been a fool to pass it up. Fast charge, balanced tuning, easy to pair and did I mention highly portable? The cradle is a sweet design too. The only beef I have is that YOUR BLUETOOTH IS PAIRED screaming at you when syncing. Own one of these-",5.0,True,positive,65,1,1
I have the Echo and I just love it... I bought the Tap for my daughter for Christmas so she does not know she has it yet.,5.0,True,positive,27,1,1
Tap is a nice bluetooth/wifi speaker that is portable and can give you information when you ask it questions.Can Sync with your phone via using the Amazon Alexa app.,5.0,True,positive,29,1,1
"The Amazon Echo Tap is a nice & interesting device...but it did not fit my needs. I also have the Amazon Echo and absolutely love it. So what's the difference? A. You have to walk up the the Tap to touch it - this is not as convenient and not as fun as the talking to the Echo from across the room. B. The audio quality not very good - more like a small bluetooth speaker. C. The Tap is fine around the house when it's connected to the home wi-fi, but when you are out of the house it must connect to your cell phone or other wi-fi?? That is not going to work very well.",3.0,False,neutral,117,0,0
"Family is using and loving the Tap more every day. Great to find out quick information like weather, general questions and sports scores. The battery life is awesome only having to charge it every two-three days depending on usage and we use it. Excellent wifi connectivity and seamless Bluetooth connection. Use it all over the house.",5.0,True,positive,56,1,1
"easy to use , sound is great, i use it any where in the house",5.0,True,positive,15,1,1
"Love it, take it with me everywhere, Not all of us are computer/technical savvy. Need better written, printable instructions on how to use. Step 1, step 2, etc.",5.0,True,positive,28,1,1
"I love everything about it.... it is portable, sounds better than most portable speakers, and Alexa rocks it. Only thing that kept it from a 5 star rating is that you have to manually activate Alexa. Wish it would work like the Echo and Dot, while it is on its base.",4.0,True,positive,51,1,1
I have the have the Echo and this portable speaker is a great addition to my automated home. Especially if I'm working in the garage and want to listen to music,5.0,True,positive,31,1,1
"Tap is a versatile device that serves as a music repository with on demand playback features and surprisingly high quality sound. AI app Alexa responds to commands and requests for information promptly with some occasional minor glitches. Overall a handy and very portable device for quality music playback and as a knowledge base access tool,",4.0,True,positive,55,1,1
"We already have an echo so I didn't think we needed the tap and procrastinated getting it. Now we use it everyday -- mostly to stream Amazon prime, TuneIn, or Pandora channels.It is funny how the latest technology sometimes brings us back to where we were when I was a kid -- having a ""beat box"" to carry around room to room and outside. We use the tap as a 2016 version of a ""beat box"" that is much smaller, rechargeable, and way easier to tune! And with side benefits of controlling our lights, HVAC, and with Alexa onboard ready to answer the random trivia questions.The sound quality could be a bit better, but surprisingly good. Adjusting the volume isn't as easy as it should be. The battery lasts a long time and its a snap to use a bluetooth speaker as well.",5.0,True,positive,143,1,1
Great Speaker but I really don't need the features. I just need good sound and don't really use anything besides that,3.0,True,neutral,21,0,1
I recommend this speaker Easy to work great sound,3.0,True,neutral,9,0,1
If you are a Prime member its a good little speaker to have. Need WIFI or Hotspot.,4.0,True,positive,17,1,1
just okay! Product was for my girlfriend. Doesn't appear she uses it much except to steam music. Most of the questions I ask it I get nothing. I like Siri better.,2.0,False,negative,31,-1,0
"I was an early adoptor of the Amazon Echo, when I heard they were releasing a mobile version I wanted it. It wasn't until we spent a lot of time cleaning our old home before moving that we realized how usefule this lil guy was, just set it up to your phones wifi hotspot and you have a fully function Echo. I would buy this again if I didn't already have one.",5.0,True,positive,72,1,1
"It's so fantastic to just ask a device to turn on lights, or play music. So convenient. Love this!",5.0,True,positive,19,1,1
This speaker's forte is it's drop and charge ability. It does connect with no issues to whatever you have it paired with. The sound quality though is ok...Def not very loud and lacks the lows. But for a small portable speaker which is not expensive I would recommend it.,4.0,True,positive,49,1,1
i got to say that love it!! makes it easier to play music without pairing any device to it and perfect sound for my needs.,5.0,True,positive,25,1,1
"This is great for the beach or by the pool. If you already own an Echo, this is a great addition to the household.",5.0,True,positive,24,1,1
Good product but requires hands on to operate. Good if sitting close but not if you're mobile. Wold be great if portable and hands free. Returned it and ordered the Dot.,4.0,True,positive,31,1,1
"Amazon Echo is great. But it is stuck at home. Amazon Tap on the other hand goes everywhere. In the short time we have had ours, we have brought it to Sweden, Portugal, the lake up north and friend's houses. It has served as a music host at card games, answered questions and added things to our shopping list. It is easy to set up Amazon Tap to a wifi network using the Alexa app on your smartphone. You can also easily pair several devices to the Tap via Bluetooth. What really makes this device great is that the cloud based software is continually updated. New skills and capabilities are made available on a regular basis. Amazon really hit home with the Tap as the voice interface is so easy to use, and the portability makes it a great.",5.0,True,positive,139,1,1
"bought as a gift for my daughter. actually sounds better and easier to set up than expected. the personal assistant feature is really amazing, instant response to requests for information and music.",5.0,True,positive,32,1,1
good speaker. 8 hour battery. Good price. Excellent quality in how it is made.,5.0,True,positive,14,1,1
I wanted to get a portable Bluetooth speaker that I could use while out as well as at home. The tap has great sound quality and Alexa is more useful than I would have thought.,5.0,True,positive,35,1,1
"Must have for people who have an Amazon Prime account and an Echo. Portability and water resistant. Works great by the hot tub or pool, and let's you access the normal Alexis capabilities.",4.0,True,positive,33,1,1
"I understood it did not have the wake command. But it would be better if it had it.Other than that, everything is wonderful with this speaker! Really convenient to be able to listen to my podcasts without messing with my phone or apps, just ask Alexa and she plays the most recent episode!",4.0,True,positive,53,1,1
Could not get it to work properly. I put the app on my phone and my computer. I reached out for help. They responded and it still didn't work. I finally got frustrated and returned it.,1.0,False,negative,36,-1,0
"I HAVE BOTH THE ECHO AND THE TAP, THEY ARE SPECTACULAR",5.0,True,positive,11,1,1
I love my tap. It sounds great and is so easy to use.,5.0,True,positive,13,1,1
The only thing we don't like is that it had to stay plugged in to work.,4.0,False,positive,16,1,0
"I bought it for my husband for a gift but I use it as much as he does. Perfect size, good sound quality overall great product.",4.0,True,positive,26,1,1
I love my new toy. Alexa is my personal girl Friday. She understands what I want and retrieves it. Easy to set up and use.,5.0,True,positive,25,1,1
Having to press to talk steals the real thunder of what the amazon echo can do.,3.0,False,neutral,16,0,0
"Good price, travels well, has a lot of good features, compact, user friendly.",4.0,True,positive,13,1,1
The sound out of this little cylinder is incredible.,5.0,True,positive,9,1,1
Went with the portable unit for travel. Easy access and portability.,4.0,True,positive,11,1,1
"other than not being voice activated like the Echo, it's just as good if not better",5.0,True,positive,16,1,1
Great little device easy to connect to bluetoothDecent sound,5.0,True,positive,9,1,1
"I( read the reviews and even listened to this in store. But much to my chagrin, at high volume, this will not cut it. The portability is great!",4.0,True,positive,28,1,1
"I love my Amazon Tap. I was in the market for a portable speaker and I saw these one on sale so I decided to pick it up. I only wanted it for a Bluetooth speaker, but Alexa is amazing I use it everyday. Alexa was a huge plus.",5.0,True,positive,49,1,1
Is it operate my wife loves it my granddaughter knows how to operate a good sounding Bluetooth speaker great freedom it even tells knock knock jokes in makes my granddaughter crack up that makes it worth every penny I paid useful to recommend to anybody,5.0,True,positive,45,1,1
"I love my Echo Tap! I have my own personal alarm, informs me on today's weather forcast and local events. Great purchase.",5.0,True,positive,22,1,1
"The Tap is essentially a smaller version of the Echo that has Alexa capability like Echo does, but also doubles as a portable Bluetooth speaker. You do need to tap it to ask Alexa to do anything, but otherwise it works the same as Echo. I prefer the Echo, but the Tap is great for college students and those who just want to supplement their Echo.",4.0,True,positive,66,1,1
I really enjoy it love the sound and it's really easy,5.0,True,positive,11,1,1
"If you like the Amazon Echo and want it to be portable, this is the solution. The stereo speaker sounds good for how small it is. The built in Alexa functionality makes it a better choice than other similar sized (and priced) portable speakers.",4.0,True,positive,44,1,1
Great companion if you already have an echo and need something on the go. Love that this stream and plays Prime music. Battery life could be a little better and sound is good for speaker this size but not the best.,4.0,True,positive,41,1,1
"I bring it when hanging out outside, exercising, doing housework anywhere my echo won't hear me",5.0,True,positive,16,1,1
"It's 85% as good as an Echo... Great sound, nice and loud, but... But the button. That button!!I would give this 5 stars and buy more of them, IF it was always listening while plugged in. Other than that, it does everything an Echo does, it's smaller, and (due to the battery) portable. I like it - I do. But it's not as useful as the Echo in the situation I use it the most.",4.0,True,positive,75,1,1
I really liked this tablet. Got it for my nephew who just turned 4. Has many built in kid rated apps which keeps him entertained. The bumper is a bonus in case he drops it too. What I also like is that it had another mode to switch to in case an adult wanted to use it too.,4.0,True,positive,58,1,1
It works as describe on the box. I didn't research a lot but I did read about it a little.,5.0,True,positive,20,1,1
This speaker has some kick. The sound quality is great that this little speaker is able to put out,5.0,True,positive,19,1,1
"I was debating whether to get the stationary Alexa device or the Tap and decided on portability. It's been fun figuring out how to phrase requests but with a little trial and error we're on a roll. I use it for play lists at work, alarm clock announcement by Dan Marino and news briefs. It's surprisingly sturdy but wish it was waterproof so I could take it with me while fishing.",5.0,True,positive,71,1,1
"It has sleep timer capability alarm I use it at work, or use it at home while I'm in the shower and I'll bring it to Friends houses and we use Alexa to gain information or just have fun. quality a 9 its loud too.",5.0,True,positive,45,1,1
I love this .. Great extra for my amazon echo .. Does everything it does but it's cordless .. Keeps charge for many days .. Push button to activate .. Wireless speaker also out of wifi .. Really cool !!,5.0,True,positive,40,1,1
"I have grown very accustomed to having Alexa around. There are new skills added on a very regular basis. I really enjoy just pressing a button and asking for a song/radio station/podcast to be played. I also enjoy having books read to me, since I'm not much of a reader. The setup was super simple, so simple that I wasn't sure that I was all ready to go with such minimal effort. The battery life is very long and the speaker suits me just fine. I feel that there is a bright future for the Tap and I am going to enjoy trying more things that this gadget has to offer. I'm not sure I ""needed"" this item, but I can't imagine not having it around now. So pleased with this purchase.",5.0,True,positive,132,1,1
This speaker is great for the price. I love how the speaker is 360 degrees so you get the same sound in any part of the room.,5.0,True,positive,27,1,1
"I bought this after I bought the Amazon Echo. This was actually an impulse buy. I saw it and bought it not reading any reviews on it, because I enjoyed the echo so much. It does everything the Echo does, but the sound quality is not great. When you're playing at middle volume, it's ok. The lows are there but doesn't sound good. I'm guessing I'm comparing it with the Bose mini soundlink. When you set the volume high, the bass is almost non-existent. The mids and highs are loud with the louder volume. Another difference is that with tap, you have to press the mic button to start saying commands where as with the echo, you can just say the wake up word and it will start listening to your commands. I do like the fact that it's portable. Because of that, I'm on edge of returning it and holding off until maybe another model comes out with better bass.",4.0,True,positive,161,1,1
So i was looking for a bluetooth speaker for my part time job. A guy i work with at bestbuy showed me his amazon tap speaker and it was awesome! I loved u can hook it up via wifi and stream music and such. Its portable its got clean and crisp sound. It also can leave the phone i had my phone placed upstairs and i was in the basement with the speaker and it was still connected. Its very easy to use i have no complants about this speaker at all,5.0,True,positive,92,1,1
Works great to control Alexa when she understands you and has good battery life but sound lacks bass except at low volumes. gets very loud at least. Easily connects to Bluetooth.,4.0,True,positive,31,1,1
"Wife loves it! Great sound, great technology! Compact and durable.",5.0,True,positive,10,1,1
"This is my second Echo purchase. My first was the original Echo for my home and the automation feature aside. The sound is excellent, Alexa's response is better than any digital assistant to date, and the ready access to Prime is convenient. This is all of that and portable and rechargeable as well. Additionally the inclusion of Bluetooth and a headphone jack is amazing.",5.0,True,positive,64,1,1
This is not like the Amazon Echo however this speaker is loud and sounds good...but you will lose bass if it's at max volume (not recommended if you like bass),5.0,True,positive,30,1,1
"This is a great buy for music, news and any kind of information you want.",5.0,True,positive,15,1,1
"Purchased this as a gift for a teenage kid as a graduation present. Very pleased with the purchase. The kids love it. Small size, but good speakers. Perfect for the college dorms where he is scheduled to go in a couple of months. Love how the device connects to the cloud and keeps itself updated.",5.0,True,positive,55,1,1
This is a great product I would highly recommend getting it,5.0,True,positive,11,1,1
"I have the Echo and a Dot and now the Tap, too. My only issue with the Tap is that I got it after the Echo. This means that by the time I got the Tab, I was already used to just calling out commands or questions to my Echo. Of course with the Tap you have to physically get up and touch the Tap. I think if I had first started out with the Tap and having to touch it, it wouldn't be so difficult now for me remember to tap the Tap. But it is a habit to just call out now. So I wish I'd gotten the Tap first and then had graduated to the Echo. Try the Tap first. You might decide you don't even need an Echo. You definitely won't be disappointed !!",5.0,True,positive,138,1,1
Works as well as the Echo and now has a skill that can enable it to be voice activated rather than having to tap it. Battery charge lasts a long time and sound quality is good. Easy to move around in and out of the house. Will work anywhere you have WIFI. If you have the tap you may not have a need to invest in the more expensive Echo.,5.0,True,positive,70,1,1
I've enjoyed using the features Alexa app and like the portability that this unit offers. The sound quality is good.,4.0,True,positive,20,1,1
Use is all the time. Backyard favorite. Great by the fire.,5.0,True,positive,11,1,1
There's a lot of features and we are just getting started with Tap. Glad we made the purchase!,5.0,True,positive,18,1,1
We are unable to connect WIFI on this product. We have tried to follow the instructions to no avail. It is a useless and expensive item sitting on our table.,1.0,False,negative,30,-1,0
"I only purchased this because I loved the sound quality. Alexa is just a added bonus personally as I rarely hit the ""tap"" button to ask her anything. The few times I asked her questions, she hasn't disappointed. EXTRA: Now what would make this device amazing is if Alexa was able to connect to my Apple Music playlist! If only...",5.0,True,positive,60,1,1
Love it I bought it for my mother and father she is easy for them to use and they are in there 70s,5.0,True,positive,23,1,1
"Using it in the kitchen mainly. It has good sound, works excellent as a cooking timer. Also alarm for certain events thruout the day. Nice music source.",4.0,True,positive,27,1,1
I HAVE PUT THE DOT IN THE BEDROOM WHERE MY ECHO IS IN THE LIVING AREA. MY FAMILY USES HER FOR EVERYTHING. ENJOY EVERYTHING ABOUT THE ECHO / DOT.,5.0,True,positive,29,1,1
"We love this speaker for listening to music, the weather, news, or just anything. It is super portable and even has a hands-free option so it is really like a mini Echo!",5.0,True,positive,32,1,1
"The Tap is a great portable speaker with fantastic sound. If you press a button then you can connect to Amazon Alexa and she can play your music, answer questions, etc. Downgraded one star because there is supposed to be a hands free option for Alexa but I haven't been able to get it to work. Still great to be able to take this around the house vs Echo which is tied to the plug.",4.0,True,positive,75,1,1
Once the tap was able to be activated by voice I started to have some interest. Having said that I notice I do use the 'Tap' button when I have it in my hand. We use it mostly outside and by our hot tub. Took is on vacation this last week and use it at the beach using cell phone as an access point.,5.0,True,positive,64,1,1
"Now that you don't have to actually tap it to get the full function out of it, its great. Have the original Echo, and the Dot also. Wish I had only bought two of these, the charge is great and we take it wherever we want to go.",5.0,True,positive,48,1,1
I have an Amazon Echo and an Amazon Dot. Love the functionality. Decent sound for what they are. I just wanted something portable for outside.,5.0,True,positive,25,1,1
"Great speaker, able to move around, connect to iPad when watching movies. Love it!",5.0,True,positive,14,1,1
My 8 yr old daughter loves her Tap. She uses it for HW and play. Never a dual moment when she is learning something new from her Tap.,5.0,True,positive,28,1,1
The Amazon tap I like other then I wish you could just say her name and she would respond. Sounds great when playing music,5.0,True,positive,24,1,1
For its size this is a pretty well made product that produces great sound and I love the portability.,4.0,True,positive,19,1,1
Love it ... need to get some smart appliances! I also got the Echo dot - wish I got these items sooner,5.0,True,positive,22,1,1
This has all the benefits of the Echo for a slightly better price. I also love the portability.,5.0,True,positive,18,1,1
"For the price, you should be able to use as a speaker when talking on the phone. I had to use my daughter's Beats Pill for this function, therefore it's not worth all the hype.",2.0,False,negative,35,-1,0
This review can not be valid due to the device did not work for me. I would put it down. Just upgraded to the ECHO instead of the tap.,1.0,False,negative,29,-1,0
"Anyone needing a compact and easily mobile speaker should look at this. The sound quality is excellent, it is easy to sync via Bluetooth and gives you the ability to stream music when connected to wifi. Great product for the price and perfect for the office.",5.0,True,positive,46,1,1
This speaker is great and not only is it a speaker but it's got the Alexa application!,5.0,True,positive,17,1,1
I am in love with the Alexa Tap. This is a great portable speaker and now that the added function of being able to talk to it without manually pushing the button sets this apart from the rest. I would recommend to all.,5.0,True,positive,43,1,1
Bought it for Father's Day and my dad and mom love it!,5.0,True,positive,12,1,1
"I bought this about a month ago and I really like it. The best part is light in weight, sound is very good for small gathering like on the deck or camping and it comes with Batterey charger. The voice command activation is so great to have and listen all my music plus worldwide radios from TuneIn.",5.0,True,positive,57,1,1
I like the portability of the tap and the sound is nice. You can set it up to either push the microphone button to activate it or you can set it up like the echo where you just say Alexa.,4.0,True,positive,40,1,1
I would recommend this to anyone who enjoys amazon. Excellent value.,5.0,True,positive,11,1,1
"The tap has pretty good sound for a speaker this size. I also have an Amazon Dot, but would recommend you pay the extra cost and get the Tap to enjoy the better sound. It's worth it.",5.0,True,positive,37,1,1
My teenager loves this and uses it daily. We've also took it places with us and the sound is great.,5.0,True,positive,20,1,1
Love that you can take this anywhere and hook up to my Bluetooth. Great sound quality.,5.0,True,positive,16,1,1
I have the Echo and bought this one for the bedroom. Great alarm clock.,5.0,True,positive,14,1,1
This is a good alternative to the amazon echo. I like that supposedly it's not listening all the time and you have to hit the button to talk to Alexa but at the same time you have to hit the button to talk to Alexa.,4.0,True,positive,45,1,1
"Works great but wants you to buy subscription to get some music you may like, just found out it supports dish network",4.0,True,positive,22,1,1
"excellent gift, ok sound, great portability, would buy again",4.0,True,positive,9,1,1
Enjoying my Amazon Tap portable Bluetooth and Wi-F Speaker. It's everything I thought it would be an MORE!,5.0,True,positive,18,1,1
Bought this for our 7 and 5 year old. They love to play music and ask questions about science. Lots of fun!,5.0,True,positive,22,1,1
We bought this product to compliment our other amazon product for its portability.,5.0,True,positive,13,1,1
"I have several echo dots around my home, but this makes it easier for me to carry into a room that doesn't have one and control things around the house, listen to the news or music. It holds a great charge.",4.0,True,positive,41,1,1
"When I purchased the Tap I thought it was a portable speaker for the echo. It's actually it's own device. Yes, it's portable, can operate wireless.It does work with the same ""alexa"" set up. The Echo operates with no hands���you can simply speak to Alexa. The tap has a microphone button you need to hold down to speak to Alexa. Great sound quality. Rechargeable base unit.",5.0,True,positive,66,1,1
